﻿{"data":[{"GPOChanges":{"LocalAdmins":[],"RemoteDesktopUsers":[],"DcomUsers":[],"PSRemoteUsers":[],"AffectedComputers":[]},"Properties":{"collected":true},"ChildObjects":[],"Trusts":[],"Links":[],"Aces":[],"ObjectIdentifier":"S-1-5-21-3072663084-364016917-1341370565","IsDeleted":false,"IsACLProtected":false,"ContainedBy":null},{"GPOChanges":{"LocalAdmins":[],"RemoteDesktopUsers":[],"DcomUsers":[],"PSRemoteUsers":[],"AffectedComputers":[{"ObjectIdentifier":"S-1-5-21-3072663084-364016917-1341370565-1000","ObjectType":"Computer"},{"ObjectIdentifier":"S-1-5-21-3072663084-364016917-1341370565-1103","ObjectType":"Computer"}]},"Properties":{"domain":"HTB.LOCAL","name":"HTB.LOCAL","distinguishedname":"DC=HTB,DC=LOCAL","domainsid":"S-1-5-21-3072663084-364016917-1341370565","highvalue":true,"description":null,"whencreated":1568803549,"functionallevel":"2016"},"ChildObjects":[{"ObjectIdentifier":"5B37DC0C-D47D-460C-A9CA-922785B235ED","ObjectType":"Container"},{"ObjectIdentifier":"92131800-3766-4BB2-BA74-30DEC65B543F","ObjectType":"OU"},{"ObjectIdentifier":"E3AC1B11-3EF0-40A6-AE6B-6D5D7EBB07C4","ObjectType":"OU"},{"ObjectIdentifier":"A477A65D-F2A1-4E99-A898-19DB9FE9B833","ObjectType":"Container"},{"ObjectIdentifier":"7032895E-74F1-498B-9383-782C69206E2F","ObjectType":"Container"},{"ObjectIdentifier":"2541B1D2-3979-4F9D-8974-375D74C7A170","ObjectType":"OU"},{"ObjectIdentifier":"283D7C3E-0FB9-48CE-B2B2-6730D1B60986","ObjectType":"Container"},{"ObjectIdentifier":"AEA93C3D-457B-4B20-B75B-10EF006F0267","ObjectType":"OU"},{"ObjectIdentifier":"1202934E-089B-4931-A5BA-954AD48AD491","ObjectType":"OU"},{"ObjectIdentifier":"28CBED1A-7F9B-491E-9FCE-A053E95892CD","ObjectType":"Container"}],"Trusts":[],"Links":[{"IsEnforced":false,"GUID":"F380F749-2688-4CE4-9E9A-5C04251AF5BC"}],"Aces":[{"PrincipalSID":"HTB.LOCAL-S-1-5-32-544","PrincipalType":"Group","RightName":"Owns","IsInherited":false},{"PrincipalSID":"HTB.LOCAL-S-1-5-32-544","PrincipalType":"Group","RightName":"WriteDacl","IsInherited":false},{"PrincipalSID":"HTB.LOCAL-S-1-5-32-544","PrincipalType":"Group","RightName":"WriteOwner","IsInherited":false},{"PrincipalSID":"HTB.LOCAL-S-1-5-32-544","PrincipalType":"Group","RightName":"AllExtendedRights","IsInherited":false},{"PrincipalSID":"S-1-5-21-3072663084-364016917-1341370565-512","PrincipalType":"Group","RightName":"WriteDacl","IsInherited":false},{"PrincipalSID":"S-1-5-21-3072663084-364016917-1341370565-512","PrincipalType":"Group","RightName":"WriteOwner","IsInherited":false},{"PrincipalSID":"S-1-5-21-3072663084-364016917-1341370565-512","PrincipalType":"Group","RightName":"AllExtendedRights","IsInherited":false},{"PrincipalSID":"S-1-5-21-3072663084-364016917-1341370565-519","PrincipalType":"Group","RightName":"GenericAll","IsInherited":false},{"PrincipalSID":"HTB.LOCAL-S-1-5-9","PrincipalType":"Group","RightName":"GetChanges","IsInherited":false},{"PrincipalSID":"HTB.LOCAL-S-1-5-9","PrincipalType":"Group","RightName":"GetChangesInFilteredSet","IsInherited":false},{"PrincipalSID":"HTB.LOCAL-S-1-5-32-544","PrincipalType":"Group","RightName":"GetChangesInFilteredSet","IsInherited":false},{"PrincipalSID":"HTB.LOCAL-S-1-5-32-544","PrincipalType":"Group","RightName":"GetChangesAll","IsInherited":false},{"PrincipalSID":"HTB.LOCAL-S-1-5-32-544","PrincipalType":"Group","RightName":"GetChanges","IsInherited":false},{"PrincipalSID":"S-1-5-21-3072663084-364016917-1341370565-498","PrincipalType":"Group","RightName":"GetChanges","IsInherited":false},{"PrincipalSID":"S-1-5-21-3072663084-364016917-1341370565-516","PrincipalType":"Group","RightName":"GetChangesAll","IsInherited":false},{"PrincipalSID":"S-1-5-21-3072663084-364016917-1341370565-1121","PrincipalType":"Group","RightName":"WriteDacl","IsInherited":false},{"PrincipalSID":"S-1-5-21-3072663084-364016917-1341370565-1121","PrincipalType":"Group","RightName":"WriteDacl","IsInherited":false}],"ObjectIdentifier":"S-1-5-21-3072663084-364016917-1341370565","IsDeleted":false,"IsACLProtected":false,"ContainedBy":null}],"meta":{"methods":62463,"type":"domains","count":2,"version":5}}