﻿{"data":[{"Properties":{"domain":"HTB.LOCAL","name":"DEFAULT DOMAIN CONTROLLERS POLICY@HTB.LOCAL","distinguishedname":"CN={6AC1786C-016F-11D2-945F-00C04FB984F9},CN=POLICIES,CN=SYSTEM,DC=HTB,DC=LOCAL","domainsid":"S-1-5-21-3072663084-364016917-1341370565","highvalue":false,"description":null,"whencreated":1568803557,"gpcpath":"\\\\HTB.LOCAL\\SYSVOL\\HTB.LOCAL\\POLICIES\\{6AC1786C-016F-11D2-945F-00C04FB984F9}"},"Aces":[{"PrincipalSID":"S-1-5-21-3072663084-364016917-1341370565-512","PrincipalType":"Group","RightName":"Owns","IsInherited":false},{"PrincipalSID":"S-1-5-21-3072663084-364016917-1341370565-512","PrincipalType":"Group","RightName":"WriteDacl","IsInherited":false},{"PrincipalSID":"S-1-5-21-3072663084-364016917-1341370565-512","PrincipalType":"Group","RightName":"WriteOwner","IsInherited":false},{"PrincipalSID":"S-1-5-21-3072663084-364016917-1341370565-512","PrincipalType":"Group","RightName":"GenericWrite","IsInherited":false},{"PrincipalSID":"S-1-5-21-3072663084-364016917-1341370565-519","PrincipalType":"Group","RightName":"WriteDacl","IsInherited":false},{"PrincipalSID":"S-1-5-21-3072663084-364016917-1341370565-519","PrincipalType":"Group","RightName":"WriteOwner","IsInherited":false},{"PrincipalSID":"S-1-5-21-3072663084-364016917-1341370565-519","PrincipalType":"Group","RightName":"GenericWrite","IsInherited":false}],"ObjectIdentifier":"3CF0DAF2-552D-4314-AA17-5DFD380449CD","IsDeleted":false,"IsACLProtected":true,"ContainedBy":null},{"Properties":{"domain":"HTB.LOCAL","name":"DEFAULT DOMAIN POLICY@HTB.LOCAL","distinguishedname":"CN={31B2F340-016D-11D2-945F-00C04FB984F9},CN=POLICIES,CN=SYSTEM,DC=HTB,DC=LOCAL","domainsid":"S-1-5-21-3072663084-364016917-1341370565","highvalue":false,"description":null,"whencreated":1568803557,"gpcpath":"\\\\HTB.LOCAL\\SYSVOL\\HTB.LOCAL\\POLICIES\\{31B2F340-016D-11D2-945F-00C04FB984F9}"},"Aces":[{"PrincipalSID":"S-1-5-21-3072663084-364016917-1341370565-512","PrincipalType":"Group","RightName":"Owns","IsInherited":false},{"PrincipalSID":"S-1-5-21-3072663084-364016917-1341370565-512","PrincipalType":"Group","RightName":"WriteDacl","IsInherited":false},{"PrincipalSID":"S-1-5-21-3072663084-364016917-1341370565-512","PrincipalType":"Group","RightName":"WriteOwner","IsInherited":false},{"PrincipalSID":"S-1-5-21-3072663084-364016917-1341370565-512","PrincipalType":"Group","RightName":"GenericWrite","IsInherited":false},{"PrincipalSID":"S-1-5-21-3072663084-364016917-1341370565-519","PrincipalType":"Group","RightName":"WriteDacl","IsInherited":false},{"PrincipalSID":"S-1-5-21-3072663084-364016917-1341370565-519","PrincipalType":"Group","RightName":"WriteOwner","IsInherited":false},{"PrincipalSID":"S-1-5-21-3072663084-364016917-1341370565-519","PrincipalType":"Group","RightName":"GenericWrite","IsInherited":false}],"ObjectIdentifier":"F380F749-2688-4CE4-9E9A-5C04251AF5BC","IsDeleted":false,"IsACLProtected":true,"ContainedBy":null}],"meta":{"methods":62463,"type":"gpos","count":2,"version":5}}