﻿{"data":[{"Properties":{"domain":"EGOTISTICAL-BANK.LOCAL","name":"COMPUTERS@EGOTISTICAL-BANK.LOCAL","distinguishedname":"CN=COMPUTERS,DC=EGOTISTICAL-BANK,DC=LOCAL","domainsid":"S-1-5-21-2966785786-3096785034-1186376766","highvalue":false},"ChildObjects":[],"Aces":[{"PrincipalSID":"S-1-5-21-2966785786-3096785034-1186376766-512","PrincipalType":"Group","RightName":"Owns","IsInherited":false},{"PrincipalSID":"S-1-5-21-2966785786-3096785034-1186376766-512","PrincipalType":"Group","RightName":"WriteDacl","IsInherited":false},{"PrincipalSID":"S-1-5-21-2966785786-3096785034-1186376766-512","PrincipalType":"Group","RightName":"WriteOwner","IsInherited":false},{"PrincipalSID":"S-1-5-21-2966785786-3096785034-1186376766-519","PrincipalType":"Group","RightName":"GenericAll","IsInherited":true},{"PrincipalSID":"EGOTISTICAL-BANK.LOCAL-S-1-5-32-544","PrincipalType":"Group","RightName":"WriteDacl","IsInherited":true},{"PrincipalSID":"EGOTISTICAL-BANK.LOCAL-S-1-5-32-544","PrincipalType":"Group","RightName":"WriteOwner","IsInherited":true}],"ObjectIdentifier":"52D7C6C4-B2A4-4C0C-AE22-31C2D396438F","IsDeleted":false,"IsACLProtected":false},{"Properties":{"domain":"EGOTISTICAL-BANK.LOCAL","name":"PSPS@EGOTISTICAL-BANK.LOCAL","distinguishedname":"CN=PSPS,CN=SYSTEM,DC=EGOTISTICAL-BANK,DC=LOCAL","domainsid":"S-1-5-21-2966785786-3096785034-1186376766","highvalue":false},"ChildObjects":[],"Aces":[{"PrincipalSID":"S-1-5-21-2966785786-3096785034-1186376766-512","PrincipalType":"Group","RightName":"Owns","IsInherited":false},{"PrincipalSID":"S-1-5-21-2966785786-3096785034-1186376766-512","PrincipalType":"Group","RightName":"GenericAll","IsInherited":false},{"PrincipalSID":"S-1-5-21-2966785786-3096785034-1186376766-519","PrincipalType":"Group","RightName":"GenericAll","IsInherited":true},{"PrincipalSID":"EGOTISTICAL-BANK.LOCAL-S-1-5-32-544","PrincipalType":"Group","RightName":"WriteDacl","IsInherited":true},{"PrincipalSID":"EGOTISTICAL-BANK.LOCAL-S-1-5-32-544","PrincipalType":"Group","RightName":"WriteOwner","IsInherited":true}],"ObjectIdentifier":"00467BB6-D3A4-4FDE-B1DC-27D88E7526E9","IsDeleted":false,"IsACLProtected":false},{"Properties":{"domain":"EGOTISTICAL-BANK.LOCAL","name":"RPCSERVICES@EGOTISTICAL-BANK.LOCAL","distinguishedname":"CN=RPCSERVICES,CN=SYSTEM,DC=EGOTISTICAL-BANK,DC=LOCAL","domainsid":"S-1-5-21-2966785786-3096785034-1186376766","highvalue":false},"ChildObjects":[],"Aces":[{"PrincipalSID":"S-1-5-21-2966785786-3096785034-1186376766-512","PrincipalType":"Group","RightName":"Owns","IsInherited":false},{"PrincipalSID":"S-1-5-21-2966785786-3096785034-1186376766-512","PrincipalType":"Group","RightName":"WriteDacl","IsInherited":false},{"PrincipalSID":"S-1-5-21-2966785786-3096785034-1186376766-512","PrincipalType":"Group","RightName":"WriteOwner","IsInherited":false},{"PrincipalSID":"S-1-5-21-2966785786-3096785034-1186376766-519","PrincipalType":"Group","RightName":"GenericAll","IsInherited":true},{"PrincipalSID":"EGOTISTICAL-BANK.LOCAL-S-1-5-32-544","PrincipalType":"Group","RightName":"WriteDacl","IsInherited":true},{"PrincipalSID":"EGOTISTICAL-BANK.LOCAL-S-1-5-32-544","PrincipalType":"Group","RightName":"WriteOwner","IsInherited":true}],"ObjectIdentifier":"5221EE6B-10F8-4ADE-BF17-422427D53CAC","IsDeleted":false,"IsACLProtected":false},{"Properties":{"domain":"EGOTISTICAL-BANK.LOCAL","name":"SYSTEM@EGOTISTICAL-BANK.LOCAL","distinguishedname":"CN=SYSTEM,DC=EGOTISTICAL-BANK,DC=LOCAL","domainsid":"S-1-5-21-2966785786-3096785034-1186376766","highvalue":false},"ChildObjects":[],"Aces":[{"PrincipalSID":"S-1-5-21-2966785786-3096785034-1186376766-512","PrincipalType":"Group","RightName":"Owns","IsInherited":false},{"PrincipalSID":"S-1-5-21-2966785786-3096785034-1186376766-512","PrincipalType":"Group","RightName":"WriteDacl","IsInherited":false},{"PrincipalSID":"S-1-5-21-2966785786-3096785034-1186376766-512","PrincipalType":"Group","RightName":"WriteOwner","IsInherited":false},{"PrincipalSID":"S-1-5-21-2966785786-3096785034-1186376766-519","PrincipalType":"Group","RightName":"GenericAll","IsInherited":true},{"PrincipalSID":"EGOTISTICAL-BANK.LOCAL-S-1-5-32-544","PrincipalType":"Group","RightName":"WriteDacl","IsInherited":true},{"PrincipalSID":"EGOTISTICAL-BANK.LOCAL-S-1-5-32-544","PrincipalType":"Group","RightName":"WriteOwner","IsInherited":true}],"ObjectIdentifier":"A735493C-1797-4349-96CB-26727FAAC40D","IsDeleted":false,"IsACLProtected":false},{"Properties":{"domain":"EGOTISTICAL-BANK.LOCAL","name":"MANAGED SERVICE ACCOUNTS@EGOTISTICAL-BANK.LOCAL","distinguishedname":"CN=MANAGED SERVICE ACCOUNTS,DC=EGOTISTICAL-BANK,DC=LOCAL","domainsid":"S-1-5-21-2966785786-3096785034-1186376766","highvalue":false},"ChildObjects":[],"Aces":[{"PrincipalSID":"S-1-5-21-2966785786-3096785034-1186376766-512","PrincipalType":"Group","RightName":"Owns","IsInherited":false},{"PrincipalSID":"S-1-5-21-2966785786-3096785034-1186376766-512","PrincipalType":"Group","RightName":"WriteDacl","IsInherited":false},{"PrincipalSID":"S-1-5-21-2966785786-3096785034-1186376766-512","PrincipalType":"Group","RightName":"WriteOwner","IsInherited":false},{"PrincipalSID":"S-1-5-21-2966785786-3096785034-1186376766-519","PrincipalType":"Group","RightName":"GenericAll","IsInherited":true},{"PrincipalSID":"EGOTISTICAL-BANK.LOCAL-S-1-5-32-544","PrincipalType":"Group","RightName":"WriteDacl","IsInherited":true},{"PrincipalSID":"EGOTISTICAL-BANK.LOCAL-S-1-5-32-544","PrincipalType":"Group","RightName":"WriteOwner","IsInherited":true}],"ObjectIdentifier":"54F5DB3C-A1F3-4486-843F-C3CE1200A14A","IsDeleted":false,"IsACLProtected":false},{"Properties":{"domain":"EGOTISTICAL-BANK.LOCAL","name":"FOREIGNSECURITYPRINCIPALS@EGOTISTICAL-BANK.LOCAL","distinguishedname":"CN=FOREIGNSECURITYPRINCIPALS,DC=EGOTISTICAL-BANK,DC=LOCAL","domainsid":"S-1-5-21-2966785786-3096785034-1186376766","highvalue":false},"ChildObjects":[],"Aces":[{"PrincipalSID":"S-1-5-21-2966785786-3096785034-1186376766-512","PrincipalType":"Group","RightName":"Owns","IsInherited":false},{"PrincipalSID":"S-1-5-21-2966785786-3096785034-1186376766-512","PrincipalType":"Group","RightName":"GenericAll","IsInherited":false},{"PrincipalSID":"S-1-5-21-2966785786-3096785034-1186376766-519","PrincipalType":"Group","RightName":"GenericAll","IsInherited":true},{"PrincipalSID":"EGOTISTICAL-BANK.LOCAL-S-1-5-32-544","PrincipalType":"Group","RightName":"WriteDacl","IsInherited":true},{"PrincipalSID":"EGOTISTICAL-BANK.LOCAL-S-1-5-32-544","PrincipalType":"Group","RightName":"WriteOwner","IsInherited":true}],"ObjectIdentifier":"6F1756AC-3E6D-49DC-8C48-24D7213E5077","IsDeleted":false,"IsACLProtected":false},{"Properties":{"domain":"EGOTISTICAL-BANK.LOCAL","name":"ADMINSDHOLDER@EGOTISTICAL-BANK.LOCAL","distinguishedname":"CN=ADMINSDHOLDER,CN=SYSTEM,DC=EGOTISTICAL-BANK,DC=LOCAL","domainsid":"S-1-5-21-2966785786-3096785034-1186376766","highvalue":false},"ChildObjects":[],"Aces":[{"PrincipalSID":"S-1-5-21-2966785786-3096785034-1186376766-512","PrincipalType":"Group","RightName":"Owns","IsInherited":false},{"PrincipalSID":"EGOTISTICAL-BANK.LOCAL-S-1-5-32-544","PrincipalType":"Group","RightName":"WriteDacl","IsInherited":false},{"PrincipalSID":"EGOTISTICAL-BANK.LOCAL-S-1-5-32-544","PrincipalType":"Group","RightName":"WriteOwner","IsInherited":false},{"PrincipalSID":"S-1-5-21-2966785786-3096785034-1186376766-512","PrincipalType":"Group","RightName":"WriteDacl","IsInherited":false},{"PrincipalSID":"S-1-5-21-2966785786-3096785034-1186376766-512","PrincipalType":"Group","RightName":"WriteOwner","IsInherited":false},{"PrincipalSID":"S-1-5-21-2966785786-3096785034-1186376766-519","PrincipalType":"Group","RightName":"WriteDacl","IsInherited":false},{"PrincipalSID":"S-1-5-21-2966785786-3096785034-1186376766-519","PrincipalType":"Group","RightName":"WriteOwner","IsInherited":false}],"ObjectIdentifier":"52CE2026-77F9-4445-B7E4-709102378099","IsDeleted":false,"IsACLProtected":true},{"Properties":{"domain":"EGOTISTICAL-BANK.LOCAL","name":"PROGRAM DATA@EGOTISTICAL-BANK.LOCAL","distinguishedname":"CN=PROGRAM DATA,DC=EGOTISTICAL-BANK,DC=LOCAL","domainsid":"S-1-5-21-2966785786-3096785034-1186376766","highvalue":false},"ChildObjects":[],"Aces":[{"PrincipalSID":"S-1-5-21-2966785786-3096785034-1186376766-512","PrincipalType":"Group","RightName":"Owns","IsInherited":false},{"PrincipalSID":"S-1-5-21-2966785786-3096785034-1186376766-512","PrincipalType":"Group","RightName":"GenericAll","IsInherited":false},{"PrincipalSID":"S-1-5-21-2966785786-3096785034-1186376766-519","PrincipalType":"Group","RightName":"GenericAll","IsInherited":true},{"PrincipalSID":"EGOTISTICAL-BANK.LOCAL-S-1-5-32-544","PrincipalType":"Group","RightName":"WriteDacl","IsInherited":true},{"PrincipalSID":"EGOTISTICAL-BANK.LOCAL-S-1-5-32-544","PrincipalType":"Group","RightName":"WriteOwner","IsInherited":true}],"ObjectIdentifier":"24CE493E-5B67-4E53-BB3E-660658B83BB8","IsDeleted":false,"IsACLProtected":false},{"Properties":{"domain":"EGOTISTICAL-BANK.LOCAL","name":"POLICYTYPE@EGOTISTICAL-BANK.LOCAL","distinguishedname":"CN=POLICYTYPE,CN=WMIPOLICY,CN=SYSTEM,DC=EGOTISTICAL-BANK,DC=LOCAL","domainsid":"S-1-5-21-2966785786-3096785034-1186376766","highvalue":false},"ChildObjects":[],"Aces":[{"PrincipalSID":"S-1-5-21-2966785786-3096785034-1186376766-512","PrincipalType":"Group","RightName":"Owns","IsInherited":false},{"PrincipalSID":"S-1-5-21-2966785786-3096785034-1186376766-512","PrincipalType":"Group","RightName":"WriteDacl","IsInherited":false},{"PrincipalSID":"S-1-5-21-2966785786-3096785034-1186376766-512","PrincipalType":"Group","RightName":"WriteOwner","IsInherited":false},{"PrincipalSID":"S-1-5-21-2966785786-3096785034-1186376766-519","PrincipalType":"Group","RightName":"GenericAll","IsInherited":true},{"PrincipalSID":"S-1-5-21-2966785786-3096785034-1186376766-512","PrincipalType":"Group","RightName":"GenericAll","IsInherited":true}],"ObjectIdentifier":"23B1D264-7EE5-4343-9F79-97C63A1586FE","IsDeleted":false,"IsACLProtected":false},{"Properties":{"domain":"EGOTISTICAL-BANK.LOCAL","name":"MICROSOFT@EGOTISTICAL-BANK.LOCAL","distinguishedname":"CN=MICROSOFT,CN=PROGRAM DATA,DC=EGOTISTICAL-BANK,DC=LOCAL","domainsid":"S-1-5-21-2966785786-3096785034-1186376766","highvalue":false},"ChildObjects":[],"Aces":[{"PrincipalSID":"S-1-5-21-2966785786-3096785034-1186376766-512","PrincipalType":"Group","RightName":"Owns","IsInherited":false},{"PrincipalSID":"S-1-5-21-2966785786-3096785034-1186376766-512","PrincipalType":"Group","RightName":"GenericAll","IsInherited":false},{"PrincipalSID":"S-1-5-21-2966785786-3096785034-1186376766-519","PrincipalType":"Group","RightName":"GenericAll","IsInherited":true},{"PrincipalSID":"EGOTISTICAL-BANK.LOCAL-S-1-5-32-544","PrincipalType":"Group","RightName":"WriteDacl","IsInherited":true},{"PrincipalSID":"EGOTISTICAL-BANK.LOCAL-S-1-5-32-544","PrincipalType":"Group","RightName":"WriteOwner","IsInherited":true}],"ObjectIdentifier":"B3E2CF59-EDB5-4B8A-AC7C-148EF7488229","IsDeleted":false,"IsACLProtected":false},{"Properties":{"domain":"EGOTISTICAL-BANK.LOCAL","name":"WINSOCKSERVICES@EGOTISTICAL-BANK.LOCAL","distinguishedname":"CN=WINSOCKSERVICES,CN=SYSTEM,DC=EGOTISTICAL-BANK,DC=LOCAL","domainsid":"S-1-5-21-2966785786-3096785034-1186376766","highvalue":false},"ChildObjects":[],"Aces":[{"PrincipalSID":"S-1-5-21-2966785786-3096785034-1186376766-512","PrincipalType":"Group","RightName":"Owns","IsInherited":false},{"PrincipalSID":"S-1-5-21-2966785786-3096785034-1186376766-512","PrincipalType":"Group","RightName":"WriteDacl","IsInherited":false},{"PrincipalSID":"S-1-5-21-2966785786-3096785034-1186376766-512","PrincipalType":"Group","RightName":"WriteOwner","IsInherited":false},{"PrincipalSID":"S-1-5-21-2966785786-3096785034-1186376766-519","PrincipalType":"Group","RightName":"GenericAll","IsInherited":true},{"PrincipalSID":"EGOTISTICAL-BANK.LOCAL-S-1-5-32-544","PrincipalType":"Group","RightName":"WriteDacl","IsInherited":true},{"PrincipalSID":"EGOTISTICAL-BANK.LOCAL-S-1-5-32-544","PrincipalType":"Group","RightName":"WriteOwner","IsInherited":true}],"ObjectIdentifier":"49157B9A-B8C7-4FBB-A75B-BE6372C5373E","IsDeleted":false,"IsACLProtected":false},{"Properties":{"domain":"EGOTISTICAL-BANK.LOCAL","name":"MEETINGS@EGOTISTICAL-BANK.LOCAL","distinguishedname":"CN=MEETINGS,CN=SYSTEM,DC=EGOTISTICAL-BANK,DC=LOCAL","domainsid":"S-1-5-21-2966785786-3096785034-1186376766","highvalue":false},"ChildObjects":[],"Aces":[{"PrincipalSID":"S-1-5-21-2966785786-3096785034-1186376766-512","PrincipalType":"Group","RightName":"Owns","IsInherited":false},{"PrincipalSID":"S-1-5-21-2966785786-3096785034-1186376766-512","PrincipalType":"Group","RightName":"WriteDacl","IsInherited":false},{"PrincipalSID":"S-1-5-21-2966785786-3096785034-1186376766-512","PrincipalType":"Group","RightName":"WriteOwner","IsInherited":false},{"PrincipalSID":"S-1-5-21-2966785786-3096785034-1186376766-519","PrincipalType":"Group","RightName":"GenericAll","IsInherited":true},{"PrincipalSID":"EGOTISTICAL-BANK.LOCAL-S-1-5-32-544","PrincipalType":"Group","RightName":"WriteDacl","IsInherited":true},{"PrincipalSID":"EGOTISTICAL-BANK.LOCAL-S-1-5-32-544","PrincipalType":"Group","RightName":"WriteOwner","IsInherited":true}],"ObjectIdentifier":"F70ADBAC-F78F-48F8-85D7-1BD82DDD09F4","IsDeleted":false,"IsACLProtected":false},{"Properties":{"domain":"EGOTISTICAL-BANK.LOCAL","name":"COMPARTITIONSETS@EGOTISTICAL-BANK.LOCAL","distinguishedname":"CN=COMPARTITIONSETS,CN=SYSTEM,DC=EGOTISTICAL-BANK,DC=LOCAL","domainsid":"S-1-5-21-2966785786-3096785034-1186376766","highvalue":false},"ChildObjects":[],"Aces":[{"PrincipalSID":"S-1-5-21-2966785786-3096785034-1186376766-512","PrincipalType":"Group","RightName":"Owns","IsInherited":false},{"PrincipalSID":"S-1-5-21-2966785786-3096785034-1186376766-512","PrincipalType":"Group","RightName":"WriteDacl","IsInherited":false},{"PrincipalSID":"S-1-5-21-2966785786-3096785034-1186376766-512","PrincipalType":"Group","RightName":"WriteOwner","IsInherited":false},{"PrincipalSID":"S-1-5-21-2966785786-3096785034-1186376766-519","PrincipalType":"Group","RightName":"GenericAll","IsInherited":true},{"PrincipalSID":"EGOTISTICAL-BANK.LOCAL-S-1-5-32-544","PrincipalType":"Group","RightName":"WriteDacl","IsInherited":true},{"PrincipalSID":"EGOTISTICAL-BANK.LOCAL-S-1-5-32-544","PrincipalType":"Group","RightName":"WriteOwner","IsInherited":true}],"ObjectIdentifier":"C1FC7E8B-32BF-4F59-8252-83FA699B5207","IsDeleted":false,"IsACLProtected":false},{"Properties":{"domain":"EGOTISTICAL-BANK.LOCAL","name":"POLICIES@EGOTISTICAL-BANK.LOCAL","distinguishedname":"CN=POLICIES,CN=SYSTEM,DC=EGOTISTICAL-BANK,DC=LOCAL","domainsid":"S-1-5-21-2966785786-3096785034-1186376766","highvalue":false},"ChildObjects":[],"Aces":[{"PrincipalSID":"S-1-5-21-2966785786-3096785034-1186376766-512","PrincipalType":"Group","RightName":"Owns","IsInherited":false},{"PrincipalSID":"S-1-5-21-2966785786-3096785034-1186376766-512","PrincipalType":"Group","RightName":"WriteDacl","IsInherited":false},{"PrincipalSID":"S-1-5-21-2966785786-3096785034-1186376766-512","PrincipalType":"Group","RightName":"WriteOwner","IsInherited":false},{"PrincipalSID":"S-1-5-21-2966785786-3096785034-1186376766-519","PrincipalType":"Group","RightName":"GenericAll","IsInherited":true},{"PrincipalSID":"EGOTISTICAL-BANK.LOCAL-S-1-5-32-544","PrincipalType":"Group","RightName":"WriteDacl","IsInherited":true},{"PrincipalSID":"EGOTISTICAL-BANK.LOCAL-S-1-5-32-544","PrincipalType":"Group","RightName":"WriteOwner","IsInherited":true}],"ObjectIdentifier":"AD885750-7EDD-4BDB-B94D-AE6E940E2DDE","IsDeleted":false,"IsACLProtected":false},{"Properties":{"domain":"EGOTISTICAL-BANK.LOCAL","name":"COMPARTITIONS@EGOTISTICAL-BANK.LOCAL","distinguishedname":"CN=COMPARTITIONS,CN=SYSTEM,DC=EGOTISTICAL-BANK,DC=LOCAL","domainsid":"S-1-5-21-2966785786-3096785034-1186376766","highvalue":false},"ChildObjects":[],"Aces":[{"PrincipalSID":"S-1-5-21-2966785786-3096785034-1186376766-512","PrincipalType":"Group","RightName":"Owns","IsInherited":false},{"PrincipalSID":"S-1-5-21-2966785786-3096785034-1186376766-512","PrincipalType":"Group","RightName":"WriteDacl","IsInherited":false},{"PrincipalSID":"S-1-5-21-2966785786-3096785034-1186376766-512","PrincipalType":"Group","RightName":"WriteOwner","IsInherited":false},{"PrincipalSID":"S-1-5-21-2966785786-3096785034-1186376766-519","PrincipalType":"Group","RightName":"GenericAll","IsInherited":true},{"PrincipalSID":"EGOTISTICAL-BANK.LOCAL-S-1-5-32-544","PrincipalType":"Group","RightName":"WriteDacl","IsInherited":true},{"PrincipalSID":"EGOTISTICAL-BANK.LOCAL-S-1-5-32-544","PrincipalType":"Group","RightName":"WriteOwner","IsInherited":true}],"ObjectIdentifier":"6677226C-7C75-4445-9BAF-CD9BF1B2DA54","IsDeleted":false,"IsACLProtected":false},{"Properties":{"domain":"EGOTISTICAL-BANK.LOCAL","name":"RAS AND IAS SERVERS ACCESS CHECK@EGOTISTICAL-BANK.LOCAL","distinguishedname":"CN=RAS AND IAS SERVERS ACCESS CHECK,CN=SYSTEM,DC=EGOTISTICAL-BANK,DC=LOCAL","domainsid":"S-1-5-21-2966785786-3096785034-1186376766","highvalue":false},"ChildObjects":[],"Aces":[{"PrincipalSID":"S-1-5-21-2966785786-3096785034-1186376766-512","PrincipalType":"Group","RightName":"Owns","IsInherited":false},{"PrincipalSID":"S-1-5-21-2966785786-3096785034-1186376766-553","PrincipalType":"Group","RightName":"WriteDacl","IsInherited":false},{"PrincipalSID":"S-1-5-21-2966785786-3096785034-1186376766-553","PrincipalType":"Group","RightName":"WriteOwner","IsInherited":false},{"PrincipalSID":"S-1-5-21-2966785786-3096785034-1186376766-519","PrincipalType":"Group","RightName":"GenericAll","IsInherited":true},{"PrincipalSID":"EGOTISTICAL-BANK.LOCAL-S-1-5-32-544","PrincipalType":"Group","RightName":"WriteDacl","IsInherited":true},{"PrincipalSID":"EGOTISTICAL-BANK.LOCAL-S-1-5-32-544","PrincipalType":"Group","RightName":"WriteOwner","IsInherited":true}],"ObjectIdentifier":"10244DCD-8E68-4B7E-873B-7E1D57D5DE33","IsDeleted":false,"IsACLProtected":false},{"Properties":{"domain":"EGOTISTICAL-BANK.LOCAL","name":"WMIPOLICY@EGOTISTICAL-BANK.LOCAL","distinguishedname":"CN=WMIPOLICY,CN=SYSTEM,DC=EGOTISTICAL-BANK,DC=LOCAL","domainsid":"S-1-5-21-2966785786-3096785034-1186376766","highvalue":false},"ChildObjects":[],"Aces":[{"PrincipalSID":"S-1-5-21-2966785786-3096785034-1186376766-512","PrincipalType":"Group","RightName":"Owns","IsInherited":false},{"PrincipalSID":"S-1-5-21-2966785786-3096785034-1186376766-512","PrincipalType":"Group","RightName":"GenericAll","IsInherited":false},{"PrincipalSID":"S-1-5-21-2966785786-3096785034-1186376766-519","PrincipalType":"Group","RightName":"GenericAll","IsInherited":false}],"ObjectIdentifier":"0D3F8DF0-8918-4D10-A40C-74B3AE7C528A","IsDeleted":false,"IsACLProtected":true},{"Properties":{"domain":"EGOTISTICAL-BANK.LOCAL","name":"POLICYTEMPLATE@EGOTISTICAL-BANK.LOCAL","distinguishedname":"CN=POLICYTEMPLATE,CN=WMIPOLICY,CN=SYSTEM,DC=EGOTISTICAL-BANK,DC=LOCAL","domainsid":"S-1-5-21-2966785786-3096785034-1186376766","highvalue":false},"ChildObjects":[],"Aces":[{"PrincipalSID":"S-1-5-21-2966785786-3096785034-1186376766-512","PrincipalType":"Group","RightName":"Owns","IsInherited":false},{"PrincipalSID":"S-1-5-21-2966785786-3096785034-1186376766-512","PrincipalType":"Group","RightName":"WriteDacl","IsInherited":false},{"PrincipalSID":"S-1-5-21-2966785786-3096785034-1186376766-512","PrincipalType":"Group","RightName":"WriteOwner","IsInherited":false},{"PrincipalSID":"S-1-5-21-2966785786-3096785034-1186376766-519","PrincipalType":"Group","RightName":"GenericAll","IsInherited":true},{"PrincipalSID":"S-1-5-21-2966785786-3096785034-1186376766-512","PrincipalType":"Group","RightName":"GenericAll","IsInherited":true}],"ObjectIdentifier":"80CD4221-ABC3-4346-ADF1-4104E090C1D7","IsDeleted":false,"IsACLProtected":false},{"Properties":{"domain":"EGOTISTICAL-BANK.LOCAL","name":"USERS@EGOTISTICAL-BANK.LOCAL","distinguishedname":"CN=USERS,DC=EGOTISTICAL-BANK,DC=LOCAL","domainsid":"S-1-5-21-2966785786-3096785034-1186376766","highvalue":false},"ChildObjects":[{"ObjectIdentifier":"S-1-5-21-2966785786-3096785034-1186376766-500","ObjectType":"User"},{"ObjectIdentifier":"S-1-5-21-2966785786-3096785034-1186376766-571","ObjectType":"Group"},{"ObjectIdentifier":"S-1-5-21-2966785786-3096785034-1186376766-517","ObjectType":"Group"},{"ObjectIdentifier":"S-1-5-21-2966785786-3096785034-1186376766-522","ObjectType":"Group"},{"ObjectIdentifier":"S-1-5-21-2966785786-3096785034-1186376766-572","ObjectType":"Group"},{"ObjectIdentifier":"S-1-5-21-2966785786-3096785034-1186376766-1101","ObjectType":"Group"},{"ObjectIdentifier":"S-1-5-21-2966785786-3096785034-1186376766-1102","ObjectType":"Group"},{"ObjectIdentifier":"S-1-5-21-2966785786-3096785034-1186376766-512","ObjectType":"Group"},{"ObjectIdentifier":"S-1-5-21-2966785786-3096785034-1186376766-515","ObjectType":"Group"},{"ObjectIdentifier":"S-1-5-21-2966785786-3096785034-1186376766-516","ObjectType":"Group"},{"ObjectIdentifier":"S-1-5-21-2966785786-3096785034-1186376766-514","ObjectType":"Group"},{"ObjectIdentifier":"S-1-5-21-2966785786-3096785034-1186376766-513","ObjectType":"Group"},{"ObjectIdentifier":"S-1-5-21-2966785786-3096785034-1186376766-519","ObjectType":"Group"},{"ObjectIdentifier":"S-1-5-21-2966785786-3096785034-1186376766-527","ObjectType":"Group"},{"ObjectIdentifier":"S-1-5-21-2966785786-3096785034-1186376766-498","ObjectType":"Group"},{"ObjectIdentifier":"S-1-5-21-2966785786-3096785034-1186376766-1105","ObjectType":"User"},{"ObjectIdentifier":"S-1-5-21-2966785786-3096785034-1186376766-520","ObjectType":"Group"},{"ObjectIdentifier":"S-1-5-21-2966785786-3096785034-1186376766-501","ObjectType":"User"},{"ObjectIdentifier":"S-1-5-21-2966785786-3096785034-1186376766-526","ObjectType":"Group"},{"ObjectIdentifier":"S-1-5-21-2966785786-3096785034-1186376766-502","ObjectType":"User"},{"ObjectIdentifier":"S-1-5-21-2966785786-3096785034-1186376766-1108","ObjectType":"User"},{"ObjectIdentifier":"S-1-5-21-2966785786-3096785034-1186376766-525","ObjectType":"Group"},{"ObjectIdentifier":"S-1-5-21-2966785786-3096785034-1186376766-553","ObjectType":"Group"},{"ObjectIdentifier":"S-1-5-21-2966785786-3096785034-1186376766-521","ObjectType":"Group"},{"ObjectIdentifier":"S-1-5-21-2966785786-3096785034-1186376766-518","ObjectType":"Group"}],"Aces":[{"PrincipalSID":"S-1-5-21-2966785786-3096785034-1186376766-512","PrincipalType":"Group","RightName":"Owns","IsInherited":false},{"PrincipalSID":"S-1-5-21-2966785786-3096785034-1186376766-512","PrincipalType":"Group","RightName":"WriteDacl","IsInherited":false},{"PrincipalSID":"S-1-5-21-2966785786-3096785034-1186376766-512","PrincipalType":"Group","RightName":"WriteOwner","IsInherited":false},{"PrincipalSID":"S-1-5-21-2966785786-3096785034-1186376766-519","PrincipalType":"Group","RightName":"GenericAll","IsInherited":true},{"PrincipalSID":"EGOTISTICAL-BANK.LOCAL-S-1-5-32-544","PrincipalType":"Group","RightName":"WriteDacl","IsInherited":true},{"PrincipalSID":"EGOTISTICAL-BANK.LOCAL-S-1-5-32-544","PrincipalType":"Group","RightName":"WriteOwner","IsInherited":true}],"ObjectIdentifier":"B9665441-3249-4A8D-8222-EC183082F19F","IsDeleted":false,"IsACLProtected":false},{"Properties":{"domain":"EGOTISTICAL-BANK.LOCAL","name":"WMIGPO@EGOTISTICAL-BANK.LOCAL","distinguishedname":"CN=WMIGPO,CN=WMIPOLICY,CN=SYSTEM,DC=EGOTISTICAL-BANK,DC=LOCAL","domainsid":"S-1-5-21-2966785786-3096785034-1186376766","highvalue":false},"ChildObjects":[],"Aces":[{"PrincipalSID":"S-1-5-21-2966785786-3096785034-1186376766-512","PrincipalType":"Group","RightName":"Owns","IsInherited":false},{"PrincipalSID":"S-1-5-21-2966785786-3096785034-1186376766-512","PrincipalType":"Group","RightName":"WriteDacl","IsInherited":false},{"PrincipalSID":"S-1-5-21-2966785786-3096785034-1186376766-512","PrincipalType":"Group","RightName":"WriteOwner","IsInherited":false},{"PrincipalSID":"S-1-5-21-2966785786-3096785034-1186376766-519","PrincipalType":"Group","RightName":"GenericAll","IsInherited":true},{"PrincipalSID":"S-1-5-21-2966785786-3096785034-1186376766-512","PrincipalType":"Group","RightName":"GenericAll","IsInherited":true}],"ObjectIdentifier":"01AE200D-C569-4BC5-B1A3-9E4B9DA92D42","IsDeleted":false,"IsACLProtected":false},{"Properties":{"domain":"EGOTISTICAL-BANK.LOCAL","name":"SOM@EGOTISTICAL-BANK.LOCAL","distinguishedname":"CN=SOM,CN=WMIPOLICY,CN=SYSTEM,DC=EGOTISTICAL-BANK,DC=LOCAL","domainsid":"S-1-5-21-2966785786-3096785034-1186376766","highvalue":false},"ChildObjects":[],"Aces":[{"PrincipalSID":"S-1-5-21-2966785786-3096785034-1186376766-512","PrincipalType":"Group","RightName":"Owns","IsInherited":false},{"PrincipalSID":"S-1-5-21-2966785786-3096785034-1186376766-512","PrincipalType":"Group","RightName":"GenericAll","IsInherited":false},{"PrincipalSID":"S-1-5-21-2966785786-3096785034-1186376766-519","PrincipalType":"Group","RightName":"GenericAll","IsInherited":false}],"ObjectIdentifier":"63FD2B86-AE1E-4985-93C6-FB63711F3958","IsDeleted":false,"IsACLProtected":true}],"meta":{"methods":29695,"type":"containers","count":21,"version":5}}