﻿{"data":[{"GPOChanges":{"LocalAdmins":[],"RemoteDesktopUsers":[],"DcomUsers":[],"PSRemoteUsers":[],"AffectedComputers":[{"ObjectIdentifier":"S-1-5-21-2966785786-3096785034-1186376766-1000","ObjectType":"Computer"}]},"Properties":{"domain":"EGOTISTICAL-BANK.LOCAL","name":"DOMAIN CONTROLLERS@EGOTISTICAL-BANK.LOCAL","distinguishedname":"OU=DOMAIN CONTROLLERS,DC=EGOTISTICAL-BANK,DC=LOCAL","domainsid":"S-1-5-21-2966785786-3096785034-1186376766","highvalue":false,"description":"Default container for domain controllers","whencreated":1579729479,"blocksinheritance":false},"Links":[{"IsEnforced":false,"GUID":"D7620D32-C1ED-4B07-8DD2-8F763E30FEE9"}],"ChildObjects":[{"ObjectIdentifier":"S-1-5-21-2966785786-3096785034-1186376766-1000","ObjectType":"Computer"}],"Aces":[{"PrincipalSID":"S-1-5-21-2966785786-3096785034-1186376766-512","PrincipalType":"Group","RightName":"Owns","IsInherited":false},{"PrincipalSID":"S-1-5-21-2966785786-3096785034-1186376766-512","PrincipalType":"Group","RightName":"WriteDacl","IsInherited":false},{"PrincipalSID":"S-1-5-21-2966785786-3096785034-1186376766-512","PrincipalType":"Group","RightName":"WriteOwner","IsInherited":false},{"PrincipalSID":"S-1-5-21-2966785786-3096785034-1186376766-519","PrincipalType":"Group","RightName":"GenericAll","IsInherited":true},{"PrincipalSID":"EGOTISTICAL-BANK.LOCAL-S-1-5-32-544","PrincipalType":"Group","RightName":"WriteDacl","IsInherited":true},{"PrincipalSID":"EGOTISTICAL-BANK.LOCAL-S-1-5-32-544","PrincipalType":"Group","RightName":"WriteOwner","IsInherited":true}],"ObjectIdentifier":"86C8F6A3-22B6-470B-8F01-C34CDB74AC8C","IsDeleted":false,"IsACLProtected":false,"ContainedBy":null}],"meta":{"methods":62463,"type":"ous","count":1,"version":5}}